,Circuito,Mesa,Sección
0,0018,00114,003 - Almirante Brown
1,0018,00115,003 - Almirante Brown
2,0018A,00161,003 - Almirante Brown
3,0018A,00224,003 - Almirante Brown
4,0018A,00290,003 - Almirante Brown
5,0019,00430,003 - Almirante Brown
6,0019,00440,003 - Almirante Brown
7,0019,00523,003 - Almirante Brown
8,0019,00558,003 - Almirante Brown
9,0019,00559,003 - Almirante Brown
10,0019,00560,003 - Almirante Brown
11,0019,00562,003 - Almirante Brown
12,0020,00656,003 - Almirante Brown
13,0020A,00675,003 - Almirante Brown
14,0020A,00699,003 - Almirante Brown
15,0020A,00726,003 - Almirante Brown
16,0021A,00921,003 - Almirante Brown
17,0021A,00940,003 - Almirante Brown
18,0022,00944,003 - Almirante Brown
19,0022,00991,003 - Almirante Brown
20,0022,01007,003 - Almirante Brown
21,0022,01022,003 - Almirante Brown
22,0022,09027,003 - Almirante Brown
23,0022,09034,003 - Almirante Brown
24,0022A,01156,003 - Almirante Brown
25,0022A,01157,003 - Almirante Brown
26,0022A,01158,003 - Almirante Brown
27,0022A,01159,003 - Almirante Brown
28,0022A,01160,003 - Almirante Brown
29,0022A,01161,003 - Almirante Brown
30,0022A,01162,003 - Almirante Brown
31,0022A,01163,003 - Almirante Brown
32,0022A,01164,003 - Almirante Brown
33,0022A,01165,003 - Almirante Brown
34,0022A,01166,003 - Almirante Brown
35,0022A,01187,003 - Almirante Brown
36,0022B,01191,003 - Almirante Brown
37,0025,00081,004 - Avellaneda
38,0025,00082,004 - Avellaneda
39,0025,00083,004 - Avellaneda
40,0025,00084,004 - Avellaneda
41,0025,00085,004 - Avellaneda
42,0025,00086,004 - Avellaneda
43,0025,00089,004 - Avellaneda
44,0026,00107,004 - Avellaneda
45,0026,00117,004 - Avellaneda
46,0030,00196,004 - Avellaneda
47,0037,00337,004 - Avellaneda
48,0072,00013,007 - Bahía Blanca
49,0073,00086,007 - Bahía Blanca
50,0073,00087,007 - Bahía Blanca
51,0073,00088,007 - Bahía Blanca
52,0073,09008,007 - Bahía Blanca
53,0073,09009,007 - Bahía Blanca
54,0086,00474,007 - Bahía Blanca
55,0086,00476,007 - Bahía Blanca
56,0087,00587,007 - Bahía Blanca
57,0087,00588,007 - Bahía Blanca
58,0087,00589,007 - Bahía Blanca
59,0091,00641,007 - Bahía Blanca
60,0091,00652,007 - Bahía Blanca
61,0091,00664,007 - Bahía Blanca
62,0789,00026,011 - Berazategui
63,0789,00033,011 - Berazategui
64,0789,00036,011 - Berazategui
65,0789,00067,011 - Berazategui
66,0789,00068,011 - Berazategui
67,0789,00069,011 - Berazategui
68,0789,00070,011 - Berazategui
69,0789,00071,011 - Berazategui
70,0789,00072,011 - Berazategui
71,0789,00073,011 - Berazategui
72,0789,00074,011 - Berazategui
73,0789,00081,011 - Berazategui
74,0789,00083,011 - Berazategui
75,0789,00085,011 - Berazategui
76,0789,00095,011 - Berazategui
77,0789,09015,011 - Berazategui
78,0789,09019,011 - Berazategui
79,0789A,00108,011 - Berazategui
80,0789A,00109,011 - Berazategui
81,0789A,00110,011 - Berazategui
82,0789A,00111,011 - Berazategui
83,0789A,00112,011 - Berazategui
84,0789A,00113,011 - Berazategui
85,0789A,00114,011 - Berazategui
86,0789A,00122,011 - Berazategui
87,0789A,00172,011 - Berazategui
88,0789B,00203,011 - Berazategui
89,0789B,00210,011 - Berazategui
90,0789B,00215,011 - Berazategui
91,0789C,00257,011 - Berazategui
92,0789D,00324,011 - Berazategui
93,0789F,00410,011 - Berazategui
94,0792,00521,011 - Berazategui
95,0792,00525,011 - Berazategui
96,0792A,00575,011 - Berazategui
97,0792A,00576,011 - Berazategui
98,0792A,00577,011 - Berazategui
99,0792A,00578,011 - Berazategui
100,0792A,00579,011 - Berazategui
101,0792A,00580,011 - Berazategui
102,0792A,00581,011 - Berazategui
103,0792A,00583,011 - Berazategui
104,0792A,00610,011 - Berazategui
105,0792A,00613,011 - Berazategui
106,0792A,09028,011 - Berazategui
107,0792B,00636,011 - Berazategui
108,0792B,00637,011 - Berazategui
109,0792B,00638,011 - Berazategui
110,0792B,00639,011 - Berazategui
111,0792B,09029,011 - Berazategui
112,0792B,09030,011 - Berazategui
113,0792D,00691,011 - Berazategui
114,0792D,00724,011 - Berazategui
115,0512,00023,012 - Berisso
116,0513,00128,012 - Berisso
117,0513,00147,012 - Berisso
118,0513A,00215,012 - Berisso
119,0513A,00220,012 - Berisso
120,0155A,00072,016 - Campana
121,0156B,00200,016 - Campana
122,0157,00047,017 - Cañuelas
123,0157,00048,017 - Cañuelas
124,0157,00049,017 - Cañuelas
125,0157,00050,017 - Cañuelas
126,0157,00051,017 - Cañuelas
127,0157,00054,017 - Cañuelas
128,0157,00055,017 - Cañuelas
129,0157,00056,017 - Cañuelas
130,0173,00026,020 - Carlos Tejedor
131,0175,00008,021 - Carmen de Areco
132,0729,00001,022 - Patagones
133,0729,00020,022 - Patagones
134,0729,00022,022 - Patagones
135,0729,09002,022 - Patagones
136,0729,09003,022 - Patagones
137,0252,00045,028 - Coronel Suárez
138,0202,00083,030 - Chascomús
139,0211,00096,031 - Chivilcoy
140,0490,00001,034 - Ensenada
141,0490,09001,034 - Ensenada
142,0491,00076,034 - Ensenada
143,0491,00080,034 - Ensenada
144,0491,00085,034 - Ensenada
145,0491,00101,034 - Ensenada
146,0491,00104,034 - Ensenada
147,0491,00105,034 - Ensenada
148,0491,00116,034 - Ensenada
149,0491A,00133,034 - Ensenada
150,0491A,00142,034 - Ensenada
151,0773A,00067,035 - Escobar
152,0773A,00069,035 - Escobar
153,0773A,00070,035 - Escobar
154,0773A,00072,035 - Escobar
155,0773A,00073,035 - Escobar
156,0773A,00074,035 - Escobar
157,0773A,00075,035 - Escobar
158,0773A,00076,035 - Escobar
159,0773A,00077,035 - Escobar
160,0773A,00078,035 - Escobar
161,0773A,00176,035 - Escobar
162,0773A,00177,035 - Escobar
163,0773A,00178,035 - Escobar
164,0773A,00209,035 - Escobar
165,0773A,00222,035 - Escobar
166,0773A,00234,035 - Escobar
167,0773B,00279,035 - Escobar
168,0773B,00280,035 - Escobar
169,0773B,00282,035 - Escobar
170,0773B,00283,035 - Escobar
171,0774,00393,035 - Escobar
172,0774,00414,035 - Escobar
173,0774,00434,035 - Escobar
174,0774,09007,035 - Escobar
175,0287,00118,036 - Esteban Echeverría
176,0287C,00252,036 - Esteban Echeverría
177,0287C,00253,036 - Esteban Echeverría
178,0287C,00254,036 - Esteban Echeverría
179,0287C,00255,036 - Esteban Echeverría
180,0288,00333,036 - Esteban Echeverría
181,0292,00008,037 - Exaltación de la Cruz
182,0302,00179,038 - Florencio Varela
183,0302,00187,038 - Florencio Varela
184,0302,00191,038 - Florencio Varela
185,0302,00192,038 - Florencio Varela
186,0302,00196,038 - Florencio Varela
187,0302,00202,038 - Florencio Varela
188,0302,00203,038 - Florencio Varela
189,0302,00204,038 - Florencio Varela
190,0302,00205,038 - Florencio Varela
191,0302,00206,038 - Florencio Varela
192,0302,00207,038 - Florencio Varela
193,0302,00208,038 - Florencio Varela
194,0302,00209,038 - Florencio Varela
195,0302,00210,038 - Florencio Varela
196,0302,09013,038 - Florencio Varela
197,0302A,00367,038 - Florencio Varela
198,0302A,00368,038 - Florencio Varela
199,0302A,00369,038 - Florencio Varela
200,0302A,00370,038 - Florencio Varela
201,0302A,00371,038 - Florencio Varela
202,0302A,00372,038 - Florencio Varela
203,0302A,00374,038 - Florencio Varela
204,0302A,00375,038 - Florencio Varela
205,0302A,00376,038 - Florencio Varela
206,0302A,00377,038 - Florencio Varela
207,0302A,00378,038 - Florencio Varela
208,0302A,09033,038 - Florencio Varela
209,0302C,00496,038 - Florencio Varela
210,0302C,00565,038 - Florencio Varela
211,0302D,00584,038 - Florencio Varela
212,0302E,00668,038 - Florencio Varela
213,0302E,00669,038 - Florencio Varela
214,0302E,00670,038 - Florencio Varela
215,0302E,00671,038 - Florencio Varela
216,0302E,00672,038 - Florencio Varela
217,0302E,00684,038 - Florencio Varela
218,0302E,00709,038 - Florencio Varela
219,0302E,00711,038 - Florencio Varela
220,0302E,00713,038 - Florencio Varela
221,0302E,00714,038 - Florencio Varela
222,0302E,00716,038 - Florencio Varela
223,0302E,09042,038 - Florencio Varela
224,0303A,00790,038 - Florencio Varela
225,0303A,00791,038 - Florencio Varela
226,0303A,00798,038 - Florencio Varela
227,0303B,00824,038 - Florencio Varela
228,0303B,00847,038 - Florencio Varela
229,0303B,00853,038 - Florencio Varela
230,0303B,00867,038 - Florencio Varela
231,0305,00001,039 - General Alvarado
232,0305,00015,039 - General Alvarado
233,0305,00016,039 - General Alvarado
234,0305,00027,039 - General Alvarado
235,0305,00031,039 - General Alvarado
236,0305,00032,039 - General Alvarado
237,0305,00033,039 - General Alvarado
238,0305,00043,039 - General Alvarado
239,0305,00044,039 - General Alvarado
240,0305,00045,039 - General Alvarado
241,0306,00082,039 - General Alvarado
242,0320,00035,042 - General Belgrano
243,0547,00029,045 - Las Heras
244,0345,09001,048 - General Paz
245,0347,00026,048 - General Paz
246,0364,00005,050 - General Pueyrredón
247,0364,00066,050 - General Pueyrredón
248,0364,00110,050 - General Pueyrredón
249,0364,00128,050 - General Pueyrredón
250,0364,00134,050 - General Pueyrredón
251,0364,00149,050 - General Pueyrredón
252,0364,00150,050 - General Pueyrredón
253,0364,00151,050 - General Pueyrredón
254,0364,00152,050 - General Pueyrredón
255,0364,00153,050 - General Pueyrredón
256,0364,00154,050 - General Pueyrredón
257,0364,00155,050 - General Pueyrredón
258,0364,00156,050 - General Pueyrredón
259,0364,00174,050 - General Pueyrredón
260,0364,00178,050 - General Pueyrredón
261,0364,00270,050 - General Pueyrredón
262,0364,00299,050 - General Pueyrredón
263,0364,00363,050 - General Pueyrredón
264,0364,00367,050 - General Pueyrredón
265,0365,00696,050 - General Pueyrredón
266,0365,00697,050 - General Pueyrredón
267,0365,00699,050 - General Pueyrredón
268,0366,00794,050 - General Pueyrredón
269,0366A,01132,050 - General Pueyrredón
270,0366A,01133,050 - General Pueyrredón
271,0366A,01134,050 - General Pueyrredón
272,0366A,01135,050 - General Pueyrredón
273,0367,01148,050 - General Pueyrredón
274,0367,01150,050 - General Pueyrredón
275,0367,01153,050 - General Pueyrredón
276,0367,01297,050 - General Pueyrredón
277,0367,01299,050 - General Pueyrredón
278,0367,01300,050 - General Pueyrredón
279,0367,01301,050 - General Pueyrredón
280,0367,01302,050 - General Pueyrredón
281,0367,01303,050 - General Pueyrredón
282,0367,01304,050 - General Pueyrredón
283,0367,01305,050 - General Pueyrredón
284,0367,01306,050 - General Pueyrredón
285,0367,01307,050 - General Pueyrredón
286,0367,01308,050 - General Pueyrredón
287,0367,01309,050 - General Pueyrredón
288,0368,01374,050 - General Pueyrredón
289,0369,01411,050 - General Pueyrredón
290,0369,01412,050 - General Pueyrredón
291,0369,01413,050 - General Pueyrredón
292,0369,01414,050 - General Pueyrredón
293,0369,01415,050 - General Pueyrredón
294,0370,01419,050 - General Pueyrredón
295,0370,01420,050 - General Pueyrredón
296,0370,01421,050 - General Pueyrredón
297,0370,01432,050 - General Pueyrredón
298,0370,01435,050 - General Pueyrredón
299,0370,01447,050 - General Pueyrredón
300,0370,01555,050 - General Pueyrredón
301,0374,00016,051 - General Rodríguez
302,0374,00035,051 - General Rodríguez
303,0374,00036,051 - General Rodríguez
304,0374,00037,051 - General Rodríguez
305,0374,00063,051 - General Rodríguez
306,0374,00129,051 - General Rodríguez
307,0374,09006,051 - General Rodríguez
308,0377A,00210,052 - General San Martín
309,0377A,00220,052 - General San Martín
310,0377A,00225,052 - General San Martín
311,0377A,00291,052 - General San Martín
312,0377A,00292,052 - General San Martín
313,0377A,00296,052 - General San Martín
314,0378,00349,052 - General San Martín
315,0378,00358,052 - General San Martín
316,0378,00359,052 - General San Martín
317,0379,00456,052 - General San Martín
318,0379,00457,052 - General San Martín
319,0380,00479,052 - General San Martín
320,0380,00480,052 - General San Martín
321,0380,00481,052 - General San Martín
322,0380,00482,052 - General San Martín
323,0380,00483,052 - General San Martín
324,0380,00484,052 - General San Martín
325,0380,00485,052 - General San Martín
326,0380,00514,052 - General San Martín
327,0381,00546,052 - General San Martín
328,0381,00641,052 - General San Martín
329,0383,09036,052 - General San Martín
330,0383,09037,052 - General San Martín
331,0384,00702,052 - General San Martín
332,0388,00754,052 - General San Martín
333,0388,00773,052 - General San Martín
334,0388,00774,052 - General San Martín
335,0388,00775,052 - General San Martín
336,0388,00787,052 - General San Martín
337,0388,00903,052 - General San Martín
338,0397,00031,053 - San Miguel
339,0400,00470,053 - San Miguel
340,0400,00471,053 - San Miguel
341,0402,00585,053 - San Miguel
342,0404,00014,054 - General Viamonte
343,0626,00006,061 - La Matanza
344,0626,00010,061 - La Matanza
345,0626,00085,061 - La Matanza
346,0626,00100,061 - La Matanza
347,0626,00113,061 - La Matanza
348,0626A,00190,061 - La Matanza
349,0626A,00234,061 - La Matanza
350,0626A,00235,061 - La Matanza
351,0626A,00236,061 - La Matanza
352,0626A,00237,061 - La Matanza
353,0627,00286,061 - La Matanza
354,0627,00303,061 - La Matanza
355,0627,00304,061 - La Matanza
356,0627,00307,061 - La Matanza
357,0627,00308,061 - La Matanza
358,0627,00309,061 - La Matanza
359,0627,00310,061 - La Matanza
360,0627,00311,061 - La Matanza
361,0627,00312,061 - La Matanza
362,0627,00313,061 - La Matanza
363,0628,00424,061 - La Matanza
364,0628,00454,061 - La Matanza
365,0629,00476,061 - La Matanza
366,0629,00492,061 - La Matanza
367,0629,00496,061 - La Matanza
368,0629,00537,061 - La Matanza
369,0629,09046,061 - La Matanza
370,0629,09047,061 - La Matanza
371,0629,09048,061 - La Matanza
372,0629,09049,061 - La Matanza
373,0629A,00565,061 - La Matanza
374,0629A,00569,061 - La Matanza
375,0629B,00701,061 - La Matanza
376,0629B,00726,061 - La Matanza
377,0630,00828,061 - La Matanza
378,0630,00891,061 - La Matanza
379,0631A,01049,061 - La Matanza
380,0631A,01050,061 - La Matanza
381,0631A,01069,061 - La Matanza
382,0631A,01071,061 - La Matanza
383,0631A,01073,061 - La Matanza
384,0631A,01074,061 - La Matanza
385,0631A,01077,061 - La Matanza
386,0631B,01118,061 - La Matanza
387,0631B,01119,061 - La Matanza
388,0631B,01120,061 - La Matanza
389,0631B,01121,061 - La Matanza
390,0631B,01122,061 - La Matanza
391,0631B,01123,061 - La Matanza
392,0631B,01124,061 - La Matanza
393,0631B,01125,061 - La Matanza
394,0631B,01126,061 - La Matanza
395,0631B,01127,061 - La Matanza
396,0631C,01152,061 - La Matanza
397,0631C,01156,061 - La Matanza
398,0631C,01192,061 - La Matanza
399,0631D,01204,061 - La Matanza
400,0631D,01279,061 - La Matanza
401,0632A,01337,061 - La Matanza
402,0632A,01355,061 - La Matanza
403,0632A,09057,061 - La Matanza
404,0633,01383,061 - La Matanza
405,0633,01471,061 - La Matanza
406,0633,01507,061 - La Matanza
407,0633,01519,061 - La Matanza
408,0633,01525,061 - La Matanza
409,0634,01580,061 - La Matanza
410,0634,01581,061 - La Matanza
411,0634,01606,061 - La Matanza
412,0635,01654,061 - La Matanza
413,0635,01664,061 - La Matanza
414,0635,01718,061 - La Matanza
415,0635,01739,061 - La Matanza
416,0635,01765,061 - La Matanza
417,0635,01766,061 - La Matanza
418,0635,01788,061 - La Matanza
419,0635,01807,061 - La Matanza
420,0635,01825,061 - La Matanza
421,0635,01826,061 - La Matanza
422,0635,01837,061 - La Matanza
423,0635,01886,061 - La Matanza
424,0635,01887,061 - La Matanza
425,0635,01888,061 - La Matanza
426,0635,01889,061 - La Matanza
427,0635,01890,061 - La Matanza
428,0635,01891,061 - La Matanza
429,0635,01892,061 - La Matanza
430,0635,01893,061 - La Matanza
431,0635,09104,061 - La Matanza
432,0635,09130,061 - La Matanza
433,0635,09145,061 - La Matanza
434,0635A,01926,061 - La Matanza
435,0635A,02009,061 - La Matanza
436,0635A,09203,061 - La Matanza
437,0635A,09212,061 - La Matanza
438,0635A,09213,061 - La Matanza
439,0635B,02282,061 - La Matanza
440,0635B,02287,061 - La Matanza
441,0635B,02403,061 - La Matanza
442,0635B,02406,061 - La Matanza
443,0635B,02407,061 - La Matanza
444,0635B,02448,061 - La Matanza
445,0635B,02449,061 - La Matanza
446,0635B,02450,061 - La Matanza
447,0635B,02451,061 - La Matanza
448,0635B,02452,061 - La Matanza
449,0635B,02453,061 - La Matanza
450,0635B,02454,061 - La Matanza
451,0635C,02505,061 - La Matanza
452,0635C,02516,061 - La Matanza
453,0635D,02605,061 - La Matanza
454,0635D,02610,061 - La Matanza
455,0635D,02649,061 - La Matanza
456,0635D,02658,061 - La Matanza
457,0635F,02835,061 - La Matanza
458,0262,00304,062 - Lanús
459,0262,00366,062 - Lanús
460,0263,00415,062 - Lanús
461,0264,00462,062 - Lanús
462,0264,00464,062 - Lanús
463,0274,00886,062 - Lanús
464,0466,09001,063 - La Plata
465,0466,09002,063 - La Plata
466,0466,09003,063 - La Plata
467,0473,00073,063 - La Plata
468,0477,00159,063 - La Plata
469,0482,00204,063 - La Plata
470,0484,09011,063 - La Plata
471,0486,00230,063 - La Plata
472,0486,00231,063 - La Plata
473,0486,00232,063 - La Plata
474,0493,00256,063 - La Plata
475,0495,00284,063 - La Plata
476,0495,00327,063 - La Plata
477,0495,09051,063 - La Plata
478,0496A,00428,063 - La Plata
479,0496A,00430,063 - La Plata
480,0496C,00490,063 - La Plata
481,0496D,00536,063 - La Plata
482,0496D,00542,063 - La Plata
483,0496D,00548,063 - La Plata
484,0496D,00549,063 - La Plata
485,0496D,09052,063 - La Plata
486,0496D,09053,063 - La Plata
487,0496D,09054,063 - La Plata
488,0496E,00566,063 - La Plata
489,0497,00579,063 - La Plata
490,0497B,00642,063 - La Plata
491,0497F,00732,063 - La Plata
492,0497F,00733,063 - La Plata
493,0497F,00735,063 - La Plata
494,0501,00798,063 - La Plata
495,0501,00809,063 - La Plata
496,0501,00820,063 - La Plata
497,0501,00827,063 - La Plata
498,0502,09019,063 - La Plata
499,0502,09021,063 - La Plata
500,0502,09022,063 - La Plata
501,0502,09023,063 - La Plata
502,0503A,09076,063 - La Plata
503,0504,01044,063 - La Plata
504,0504,01045,063 - La Plata
505,0504,01046,063 - La Plata
506,0504,01047,063 - La Plata
507,0504,01048,063 - La Plata
508,0504A,01135,063 - La Plata
509,0504A,01142,063 - La Plata
510,0504A,01169,063 - La Plata
511,0505,09025,063 - La Plata
512,0505,09026,063 - La Plata
513,0508,01274,063 - La Plata
514,0508,01288,063 - La Plata
515,0508,01291,063 - La Plata
516,0508,01294,063 - La Plata
517,0508A,01301,063 - La Plata
518,0508A,01303,063 - La Plata
519,0508A,01309,063 - La Plata
520,0508A,01310,063 - La Plata
521,0508A,01311,063 - La Plata
522,0508A,01312,063 - La Plata
523,0508A,01313,063 - La Plata
524,0508A,01314,063 - La Plata
525,0508A,01315,063 - La Plata
526,0508A,01316,063 - La Plata
527,0508A,01317,063 - La Plata
528,0508A,01320,063 - La Plata
529,0508A,01321,063 - La Plata
530,0508F,01424,063 - La Plata
531,0508F,01430,063 - La Plata
532,0509,01447,063 - La Plata
533,0518,09033,063 - La Plata
534,0518,09034,063 - La Plata
535,0518,09035,063 - La Plata
536,0519,01514,063 - La Plata
537,0519,09036,063 - La Plata
538,0519,09037,063 - La Plata
539,0520,01537,063 - La Plata
540,0520,01538,063 - La Plata
541,0520,01539,063 - La Plata
542,0520,01540,063 - La Plata
543,0520,01541,063 - La Plata
544,0520,01542,063 - La Plata
545,0520,01544,063 - La Plata
546,0520,09015,063 - La Plata
547,0520,09016,063 - La Plata
548,0520,09017,063 - La Plata
549,0520,09038,063 - La Plata
550,0520,09040,063 - La Plata
551,0520,09041,063 - La Plata
552,0520,09043,063 - La Plata
553,0520,09045,063 - La Plata
554,0520,09046,063 - La Plata
555,0520,09047,063 - La Plata
556,0538,00011,065 - Las Flores
557,0538,00033,065 - Las Flores
558,0538,00057,065 - Las Flores
559,0538,00058,065 - Las Flores
560,0538,00059,065 - Las Flores
561,0569,00038,068 - Loberia
562,0570,00040,068 - Loberia
563,0583,00019,070 - Lomas de Zamora
564,0583,00024,070 - Lomas de Zamora
565,0583,00038,070 - Lomas de Zamora
566,0583,00042,070 - Lomas de Zamora
567,0583,00068,070 - Lomas de Zamora
568,0583,00090,070 - Lomas de Zamora
569,0583,00099,070 - Lomas de Zamora
570,0583,00104,070 - Lomas de Zamora
571,0583,00105,070 - Lomas de Zamora
572,0583,00106,070 - Lomas de Zamora
573,0583,00107,070 - Lomas de Zamora
574,0583,00108,070 - Lomas de Zamora
575,0583,00109,070 - Lomas de Zamora
576,0583,00110,070 - Lomas de Zamora
577,0583,00111,070 - Lomas de Zamora
578,0583,00112,070 - Lomas de Zamora
579,0583,00113,070 - Lomas de Zamora
580,0583,00114,070 - Lomas de Zamora
581,0583,00139,070 - Lomas de Zamora
582,0583,00157,070 - Lomas de Zamora
583,0583,00171,070 - Lomas de Zamora
584,0583,00173,070 - Lomas de Zamora
585,0583,00181,070 - Lomas de Zamora
586,0583,00188,070 - Lomas de Zamora
587,0583,00208,070 - Lomas de Zamora
588,0583,00212,070 - Lomas de Zamora
589,0583,00221,070 - Lomas de Zamora
590,0583,00224,070 - Lomas de Zamora
591,0583,00319,070 - Lomas de Zamora
592,0583,00322,070 - Lomas de Zamora
593,0583,00323,070 - Lomas de Zamora
594,0583,00324,070 - Lomas de Zamora
595,0583,00325,070 - Lomas de Zamora
596,0583,00327,070 - Lomas de Zamora
597,0583,00328,070 - Lomas de Zamora
598,0583,00334,070 - Lomas de Zamora
599,0583,00409,070 - Lomas de Zamora
600,0583,00439,070 - Lomas de Zamora
601,0583,00448,070 - Lomas de Zamora
602,0583,00449,070 - Lomas de Zamora
603,0583,00459,070 - Lomas de Zamora
604,0583,00475,070 - Lomas de Zamora
605,0583,00481,070 - Lomas de Zamora
606,0583,00484,070 - Lomas de Zamora
607,0583,00485,070 - Lomas de Zamora
608,0583,00488,070 - Lomas de Zamora
609,0583,00489,070 - Lomas de Zamora
610,0583,09001,070 - Lomas de Zamora
611,0583,09004,070 - Lomas de Zamora
612,0583,09005,070 - Lomas de Zamora
613,0583,09006,070 - Lomas de Zamora
614,0583,09007,070 - Lomas de Zamora
615,0583,09008,070 - Lomas de Zamora
616,0583,09009,070 - Lomas de Zamora
617,0583,09010,070 - Lomas de Zamora
618,0583,09011,070 - Lomas de Zamora
619,0583,09012,070 - Lomas de Zamora
620,0583,09013,070 - Lomas de Zamora
621,0583,09014,070 - Lomas de Zamora
622,0583,09015,070 - Lomas de Zamora
623,0583,09016,070 - Lomas de Zamora
624,0583,09017,070 - Lomas de Zamora
625,0583,09018,070 - Lomas de Zamora
626,0583,09019,070 - Lomas de Zamora
627,0583,09020,070 - Lomas de Zamora
628,0583,09021,070 - Lomas de Zamora
629,0583,09022,070 - Lomas de Zamora
630,0583,09023,070 - Lomas de Zamora
631,0583,09024,070 - Lomas de Zamora
632,0583,09032,070 - Lomas de Zamora
633,0583,09033,070 - Lomas de Zamora
634,0583,09036,070 - Lomas de Zamora
635,0583,09037,070 - Lomas de Zamora
636,0583,09038,070 - Lomas de Zamora
637,0583,09039,070 - Lomas de Zamora
638,0583,09040,070 - Lomas de Zamora
639,0583,09041,070 - Lomas de Zamora
640,0583,09042,070 - Lomas de Zamora
641,0583,09043,070 - Lomas de Zamora
642,0583,09045,070 - Lomas de Zamora
643,0583,09046,070 - Lomas de Zamora
644,0583,09047,070 - Lomas de Zamora
645,0583,09048,070 - Lomas de Zamora
646,0583,09049,070 - Lomas de Zamora
647,0583,09050,070 - Lomas de Zamora
648,0583,09051,070 - Lomas de Zamora
649,0583,09053,070 - Lomas de Zamora
650,0583,09055,070 - Lomas de Zamora
651,0583,09056,070 - Lomas de Zamora
652,0583,09057,070 - Lomas de Zamora
653,0583,09058,070 - Lomas de Zamora
654,0583,09059,070 - Lomas de Zamora
655,0583,09060,070 - Lomas de Zamora
656,0583,09061,070 - Lomas de Zamora
657,0583,09062,070 - Lomas de Zamora
658,0586,00635,070 - Lomas de Zamora
659,0587,00847,070 - Lomas de Zamora
660,0587,00875,070 - Lomas de Zamora
661,0587,00883,070 - Lomas de Zamora
662,0587,00909,070 - Lomas de Zamora
663,0589,00964,070 - Lomas de Zamora
664,0589,00966,070 - Lomas de Zamora
665,0589,00967,070 - Lomas de Zamora
666,0589,00968,070 - Lomas de Zamora
667,0590,09091,070 - Lomas de Zamora
668,0590,09093,070 - Lomas de Zamora
669,0590,09094,070 - Lomas de Zamora
670,0590,09095,070 - Lomas de Zamora
671,0590A,01163,070 - Lomas de Zamora
672,0590A,01229,070 - Lomas de Zamora
673,0592,09098,070 - Lomas de Zamora
674,0596,00032,071 - Luján
675,0596,00057,071 - Luján
676,0596,00095,071 - Luján
677,0596,00096,071 - Luján
678,0596,00097,071 - Luján
679,0596,00098,071 - Luján
680,0596,00130,071 - Luján
681,0600,00225,071 - Luján
682,0602,00244,071 - Luján
683,0602,00245,071 - Luján
684,0602,00246,071 - Luján
685,0602,00247,071 - Luján
686,0605,00011,072 - Magdalena
687,0648,00157,076 - Mercedes
688,0652,00168,077 - Merlo
689,0652A,00180,077 - Merlo
690,0652A,00330,077 - Merlo
691,0652A,00353,077 - Merlo
692,0652A,00414,077 - Merlo
693,0652A,00415,077 - Merlo
694,0652A,00416,077 - Merlo
695,0652A,00417,077 - Merlo
696,0652A,00418,077 - Merlo
697,0652A,00419,077 - Merlo
698,0652A,00420,077 - Merlo
699,0652A,00421,077 - Merlo
700,0652A,00457,077 - Merlo
701,0652A,00463,077 - Merlo
702,0652A,00533,077 - Merlo
703,0653,00717,077 - Merlo
704,0653,00736,077 - Merlo
705,0653,00748,077 - Merlo
706,0653,00749,077 - Merlo
707,0654,00765,077 - Merlo
708,0655,00916,077 - Merlo
709,0655A,01046,077 - Merlo
710,0655A,01049,077 - Merlo
711,0655A,01077,077 - Merlo
712,0655A,01116,077 - Merlo
713,0655A,01117,077 - Merlo
714,0655A,01118,077 - Merlo
715,0655A,01119,077 - Merlo
716,0655A,01120,077 - Merlo
717,0655A,01121,077 - Merlo
718,0655A,01122,077 - Merlo
719,0655A,01123,077 - Merlo
720,0655A,09041,077 - Merlo
721,0655A,09042,077 - Merlo
722,0663B,00335,079 - Moreno
723,0663B,00368,079 - Moreno
724,0663C,00415,079 - Moreno
725,0663C,00498,079 - Moreno
726,0663C,00549,079 - Moreno
727,0663C,00620,079 - Moreno
728,0663C,00623,079 - Moreno
729,0663C,00624,079 - Moreno
730,0664B,00888,079 - Moreno
731,0664B,00889,079 - Moreno
732,0664B,00890,079 - Moreno
733,0664B,00891,079 - Moreno
734,0664B,00892,079 - Moreno
735,0664B,00893,079 - Moreno
736,0664B,00894,079 - Moreno
737,0664B,00895,079 - Moreno
738,0664B,00897,079 - Moreno
739,0664B,00921,079 - Moreno
740,0664B,00922,079 - Moreno
741,0664B,00923,079 - Moreno
742,0664B,00924,079 - Moreno
743,0664B,00925,079 - Moreno
744,0664B,00926,079 - Moreno
745,0664B,00927,079 - Moreno
746,0664B,00928,079 - Moreno
747,0664B,00929,079 - Moreno
748,0664B,00930,079 - Moreno
749,0664B,00931,079 - Moreno
750,0664B,00943,079 - Moreno
751,0665,00059,080 - Morón
752,0665,00080,080 - Morón
753,0665,00169,080 - Morón
754,0669,00328,080 - Morón
755,0669,00329,080 - Morón
756,0669,00330,080 - Morón
757,0669,00334,080 - Morón
758,0669,00338,080 - Morón
759,0669,00389,080 - Morón
760,0672,00563,080 - Morón
761,0672,00597,080 - Morón
762,0673,00671,080 - Morón
763,0673,00764,080 - Morón
764,0681A,00043,081 - Navarro
765,0686,00056,082 - Necochea
766,0686,00060,082 - Necochea
767,0711C,00093,084 - Olavarría
768,0711C,00120,084 - Olavarría
769,0711E,00225,084 - Olavarría
770,0711E,00226,084 - Olavarría
771,0716,00249,084 - Olavarría
772,0720,00274,084 - Olavarría
773,0722,00276,084 - Olavarría
774,0735,00084,085 - Pehuajó
775,0748A,00079,087 - Pergamino
776,0748A,00080,087 - Pergamino
777,0748A,00081,087 - Pergamino
778,0748A,00082,087 - Pergamino
779,0748A,00083,087 - Pergamino
780,0748A,00084,087 - Pergamino
781,0748A,00085,087 - Pergamino
782,0748A,00095,087 - Pergamino
783,0748B,00104,087 - Pergamino
784,0748C,00164,087 - Pergamino
785,0748D,00192,087 - Pergamino
786,0748D,00196,087 - Pergamino
787,0748D,00197,087 - Pergamino
788,0748D,00198,087 - Pergamino
789,0748D,00199,087 - Pergamino
790,0748D,00200,087 - Pergamino
791,0748D,00201,087 - Pergamino
792,0768,00038,089 - Pilar
793,0768,00052,089 - Pilar
794,0768,00068,089 - Pilar
795,0768,00070,089 - Pilar
796,0768,00071,089 - Pilar
797,0768,00074,089 - Pilar
798,0768,00075,089 - Pilar
799,0768,00077,089 - Pilar
800,0768,00080,089 - Pilar
801,0768,00088,089 - Pilar
802,0768,00089,089 - Pilar
803,0768,00090,089 - Pilar
804,0768,00091,089 - Pilar
805,0768,00092,089 - Pilar
806,0768,00132,089 - Pilar
807,0768,00138,089 - Pilar
808,0768,00160,089 - Pilar
809,0770,09016,089 - Pilar
810,0771,00395,089 - Pilar
811,0771,00396,089 - Pilar
812,0771,00415,089 - Pilar
813,0771,00434,089 - Pilar
814,0771,00439,089 - Pilar
815,0771,00442,089 - Pilar
816,0771,00555,089 - Pilar
817,0772,00628,089 - Pilar
818,0783,00007,092 - Quilmes
819,0783,00028,092 - Quilmes
820,0784,00138,092 - Quilmes
821,0785B,00454,092 - Quilmes
822,0786,00464,092 - Quilmes
823,0786,00468,092 - Quilmes
824,0786,09012,092 - Quilmes
825,0786A,00554,092 - Quilmes
826,0787,00558,092 - Quilmes
827,0787,00569,092 - Quilmes
828,0787,00576,092 - Quilmes
829,0787,00578,092 - Quilmes
830,0787,00581,092 - Quilmes
831,0787,00596,092 - Quilmes
832,0787,09016,092 - Quilmes
833,0787,09017,092 - Quilmes
834,0787A,00605,092 - Quilmes
835,0787A,00607,092 - Quilmes
836,0787A,09022,092 - Quilmes
837,0788,00683,092 - Quilmes
838,0788,00684,092 - Quilmes
839,0788,00723,092 - Quilmes
840,0788,00729,092 - Quilmes
841,0788,00739,092 - Quilmes
842,0788,00747,092 - Quilmes
843,0788,09021,092 - Quilmes
844,0788A,00838,092 - Quilmes
845,0788A,00858,092 - Quilmes
846,0788A,00900,092 - Quilmes
847,0788B,00944,092 - Quilmes
848,0788C,01046,092 - Quilmes
849,0788C,01064,092 - Quilmes
850,0788C,01081,092 - Quilmes
851,0791,01129,092 - Quilmes
852,0791A,01142,092 - Quilmes
853,0791A,01145,092 - Quilmes
854,0791A,01213,092 - Quilmes
855,0791B,01245,092 - Quilmes
856,0797,00016,093 - Ramallo
857,0823,00027,096 - Rojas
858,0862,00049,102 - San Andrés de Giles
859,0866,00008,103 - San Antonio de Areco
860,0867,00050,103 - San Antonio de Areco
861,0867,00051,103 - San Antonio de Areco
862,0870,00059,103 - San Antonio de Areco
863,0871,00008,104 - San Cayetano
864,0871,00009,104 - San Cayetano
865,0877,00074,105 - San Fernando
866,0877,00079,105 - San Fernando
867,0878,00131,105 - San Fernando
868,0878,00132,105 - San Fernando
869,0878,00133,105 - San Fernando
870,0878,00134,105 - San Fernando
871,0878,00135,105 - San Fernando
872,0878,00136,105 - San Fernando
873,0878,00137,105 - San Fernando
874,0878,00138,105 - San Fernando
875,0878,00139,105 - San Fernando
876,0878,00140,105 - San Fernando
877,0878,00141,105 - San Fernando
878,0878,00142,105 - San Fernando
879,0878A,00189,105 - San Fernando
880,0878A,00192,105 - San Fernando
881,0879A,00282,105 - San Fernando
882,0880,00333,105 - San Fernando
883,0887,00020,106 - San Isidro
884,0891,09014,106 - San Isidro
885,0892,00347,106 - San Isidro
886,0901,00096,107 - San Nicolás
887,0901A,00113,107 - San Nicolás
888,0904,00249,107 - San Nicolás
889,0904,00277,107 - San Nicolás
890,0904,00284,107 - San Nicolás
891,0905,00308,107 - San Nicolás
892,0913,00005,108 - San Pedro
893,0913,00060,108 - San Pedro
894,0913,00080,108 - San Pedro
895,0925,00067,109 - San Vicente
896,0925,00068,109 - San Vicente
897,0925,00069,109 - San Vicente
898,0925,00071,109 - San Vicente
899,0925,00072,109 - San Vicente
900,0925,00073,109 - San Vicente
901,0925,00074,109 - San Vicente
902,0925,00075,109 - San Vicente
903,0925,00076,109 - San Vicente
904,0925,00077,109 - San Vicente
905,0925,00106,109 - San Vicente
906,0925,00132,109 - San Vicente
907,0925,00133,109 - San Vicente
908,0925,00138,109 - San Vicente
909,0925,00142,109 - San Vicente
910,0929,00017,110 - Suipacha
911,0933,00043,111 - Tandil
912,0933,00078,111 - Tandil
913,0933,00096,111 - Tandil
914,0933,00237,111 - Tandil
915,0933,00252,111 - Tandil
916,0530,00127,113 - Tigre
917,0534A,00283,113 - Tigre
918,0534A,09035,113 - Tigre
919,0535,00479,113 - Tigre
920,0535,00515,113 - Tigre
921,0535,00522,113 - Tigre
922,0535,00523,113 - Tigre
923,0535A,00720,113 - Tigre
924,0536,00831,113 - Tigre
925,0536,00833,113 - Tigre
926,0536,00834,113 - Tigre
927,0536,00835,113 - Tigre
928,0536,00836,113 - Tigre
929,0389,00028,118 - Tres de Febrero
930,0389,00029,118 - Tres de Febrero
931,0389,00030,118 - Tres de Febrero
932,0390,00056,118 - Tres de Febrero
933,0390,00059,118 - Tres de Febrero
934,0391,09011,118 - Tres de Febrero
935,0392,00333,118 - Tres de Febrero
936,0392,00334,118 - Tres de Febrero
937,0392,00338,118 - Tres de Febrero
938,0393,00373,118 - Tres de Febrero
939,0393,00439,118 - Tres de Febrero
940,0393,00475,118 - Tres de Febrero
941,0393,09024,118 - Tres de Febrero
942,0393,09025,118 - Tres de Febrero
943,0394,00557,118 - Tres de Febrero
944,0394,00625,118 - Tres de Febrero
945,0394,00626,118 - Tres de Febrero
946,0394,00627,118 - Tres de Febrero
947,0394A,00648,118 - Tres de Febrero
948,0395,00688,118 - Tres de Febrero
949,0395,00744,118 - Tres de Febrero
950,0395,00745,118 - Tres de Febrero
951,0395,00746,118 - Tres de Febrero
952,0395,00750,118 - Tres de Febrero
953,0395,00752,118 - Tres de Febrero
954,0395,00753,118 - Tres de Febrero
955,0982,00065,121 - Veinticinco de Mayo
956,0983,00074,121 - Veinticinco de Mayo
957,0983,00077,121 - Veinticinco de Mayo
958,0983,00078,121 - Veinticinco de Mayo
959,0987,00087,121 - Veinticinco de Mayo
960,0993,00034,122 - Vicente López
961,0995,09001,122 - Vicente López
962,0995,09003,122 - Vicente López
963,0995,09009,122 - Vicente López
964,0997,00250,122 - Vicente López
965,1000,00426,122 - Vicente López
966,1000,00493,122 - Vicente López
967,1000,00494,122 - Vicente López
968,1001,00651,122 - Vicente López
969,1001,00654,122 - Vicente López
970,1001,09028,122 - Vicente López
971,1007,00012,124 - Villarino
972,1014,00082,125 - Zárate
973,0744,00006,126 - Tres Lomas
974,0304,00027,128 - Presidente Perón
975,0304,00028,128 - Presidente Perón
976,0304,00029,128 - Presidente Perón
977,0304A,00084,128 - Presidente Perón
978,0304A,00085,128 - Presidente Perón
979,0304A,09002,128 - Presidente Perón
980,0304A,09007,128 - Presidente Perón
981,0304B,00149,128 - Presidente Perón
982,0304B,00157,128 - Presidente Perón
983,0304B,00160,128 - Presidente Perón
984,0398,00007,129 - J. C. Paz
985,0398,00095,129 - J. C. Paz
986,0398,00096,129 - J. C. Paz
987,0398,00097,129 - J. C. Paz
988,0398,00098,129 - J. C. Paz
989,0398,00099,129 - J. C. Paz
990,0398,00100,129 - J. C. Paz
991,0398,00101,129 - J. C. Paz
992,0398,00130,129 - J. C. Paz
993,0398,00199,129 - J. C. Paz
994,0398A,00367,129 - J. C. Paz
995,0398A,00369,129 - J. C. Paz
996,0398B,00505,129 - J. C. Paz
997,0398B,00511,129 - J. C. Paz
998,0398B,00520,129 - J. C. Paz
999,0399,00016,130 - Malvinas Argentinas
1000,0399,00017,130 - Malvinas Argentinas
1001,0399,00018,130 - Malvinas Argentinas
1002,0399,00031,130 - Malvinas Argentinas
1003,0399,00032,130 - Malvinas Argentinas
1004,0399,00033,130 - Malvinas Argentinas
1005,0399,00034,130 - Malvinas Argentinas
1006,0399,00044,130 - Malvinas Argentinas
1007,0399,00045,130 - Malvinas Argentinas
1008,0399,00063,130 - Malvinas Argentinas
1009,0399,00065,130 - Malvinas Argentinas
1010,0399,00074,130 - Malvinas Argentinas
1011,0399,00096,130 - Malvinas Argentinas
1012,0399A,00223,130 - Malvinas Argentinas
1013,0399A,00229,130 - Malvinas Argentinas
1014,0399A,00230,130 - Malvinas Argentinas
1015,0399A,00231,130 - Malvinas Argentinas
1016,0399A,00232,130 - Malvinas Argentinas
1017,0399A,00233,130 - Malvinas Argentinas
1018,0399A,00234,130 - Malvinas Argentinas
1019,0399A,00235,130 - Malvinas Argentinas
1020,0399A,00236,130 - Malvinas Argentinas
1021,0399A,00237,130 - Malvinas Argentinas
1022,0399A,00238,130 - Malvinas Argentinas
1023,0399A,00239,130 - Malvinas Argentinas
1024,0399A,00240,130 - Malvinas Argentinas
1025,0399A,00247,130 - Malvinas Argentinas
1026,0399A,00250,130 - Malvinas Argentinas
1027,0399A,00253,130 - Malvinas Argentinas
1028,0399A,00257,130 - Malvinas Argentinas
1029,0399A,00264,130 - Malvinas Argentinas
1030,0399A,00265,130 - Malvinas Argentinas
1031,0399A,00267,130 - Malvinas Argentinas
1032,0399A,00275,130 - Malvinas Argentinas
1033,0399A,09011,130 - Malvinas Argentinas
1034,0399D,00412,130 - Malvinas Argentinas
1035,0399D,00425,130 - Malvinas Argentinas
1036,0399D,00448,130 - Malvinas Argentinas
1037,0399F,00528,130 - Malvinas Argentinas
1038,0399F,00533,130 - Malvinas Argentinas
1039,0399F,00555,130 - Malvinas Argentinas
1040,0399F,00585,130 - Malvinas Argentinas
1041,0399F,00597,130 - Malvinas Argentinas
1042,0399F,00611,130 - Malvinas Argentinas
1043,0399F,00649,130 - Malvinas Argentinas
1044,0399G,00724,130 - Malvinas Argentinas
1045,0399G,00725,130 - Malvinas Argentinas
1046,0399G,00726,130 - Malvinas Argentinas
1047,0399G,00727,130 - Malvinas Argentinas
1048,0399G,00728,130 - Malvinas Argentinas
1049,0399G,00729,130 - Malvinas Argentinas
1050,0399G,00730,130 - Malvinas Argentinas
1051,0290,00135,132 - Ezeiza
1052,0290,00136,132 - Ezeiza
1053,0290,00138,132 - Ezeiza
1054,0290,00141,132 - Ezeiza
1055,0290,00144,132 - Ezeiza
1056,0290,00145,132 - Ezeiza
1057,0290,00188,132 - Ezeiza
1058,0290A,00243,132 - Ezeiza
1059,0290A,00289,132 - Ezeiza
1060,0290A,00290,132 - Ezeiza
1061,0290A,00291,132 - Ezeiza
1062,0290A,00292,132 - Ezeiza
1063,0666,00030,133 - Ituzaingo
1064,0666A,00220,133 - Ituzaingo
1065,0667,00305,133 - Ituzaingo
1066,0668A,00172,134 - Hurlingham
1067,0668A,00181,134 - Hurlingham
1068,0668A,00188,134 - Hurlingham
1069,0668B,00277,134 - Hurlingham
1070,0668B,00295,134 - Hurlingham
1071,0668B,00317,134 - Hurlingham
1072,0668B,00349,134 - Hurlingham
1073,0668B,00351,134 - Hurlingham
1074,0668B,00356,134 - Hurlingham
1075,0668B,00365,134 - Hurlingham
